Model,AUROC,AUPRC,Accuracy,Sensitivity,Specificity,Precision,NPV,TP,FP,TN,FN
Random Forest,0.7715762666338059,0.06686462042293304,0.7499366484084107,0.6394703882625443,0.7519795378817183,0.045511269578504446,0.9912114656571077,3574,74956,227261,2015
Logistic Regression,0.7508314184407325,0.06048413316026319,0.7191770140932903,0.6629092860975733,0.7202175919951534,0.04197824609109402,0.9914186548604803,3705,84555,217662,1884
GRU,0.7581508736424958,0.05767690992754982,0.7320090774867359,0.6415414444981479,0.7337426504054435,0.04413358454073989,0.9907253538349565,2647,57330,157988,1479
LSTM,0.7436998953496358,0.055821127556338904,0.684188221140698,0.6597188560347407,0.68465711180672,0.03854377593067163,0.9905659743453566,2722,67899,147419,1404
